state,district,atlas_exposure_rank
Sikkim,South District,8
Sikkim,East District,9
Sikkim,West District,20
Sikkim,North District,51
Manipur,Imphal West,11
Manipur,Churachandpur,63
Manipur,Senapati,97
Manipur,Tamenglong,100
Manipur,Ukhrul,112
Manipur,Chandel,122
Manipur,Thoubal,141
Manipur,Imphal East,142
Manipur,Bishnupur,143
Assam,Cachar,22
Assam,Kamrup,40
Assam,Hailakandi,47
Assam,Goalpara,49
Assam,Karbi Anglong,55
Assam,North Cachar Hills,83
Assam,Bongaigaon,95
Assam,Morigaon,99
Assam,Nagaon,117
Assam,Dhubri,127
Assam,Karimganj,137
Meghalaya,West Garo Hills,31
Meghalaya,East Khasi Hills,34
Meghalaya,East Garo Hills,64
Meghalaya,West Khasi Hills,66
Meghalaya,Ribhoi,67
Meghalaya,Jaintia Hills,69
Meghalaya,South Garo Hills,90
Mizoram,Aizawl,38
Mizoram,Lunglei,39
Mizoram,Lawngtlai,45
Mizoram,Kolasib,60
Mizoram,Mamit,71
Mizoram,Serchhip,82
Arunachal Pradesh,Lohit,56
Arunachal Pradesh,Papum Pare,73
Arunachal Pradesh,Tawang,74
Arunachal Pradesh,East Siang,78
Arunachal Pradesh,Lower Subansiri,84
Arunachal Pradesh,West Kameng,87
Arunachal Pradesh,Changlang,91
Arunachal Pradesh,Lower Dibang Valley,96
Arunachal Pradesh,East Kameng,101
Arunachal Pradesh,Upper Siang,104
Arunachal Pradesh,West Siang,108
Arunachal Pradesh,Kurung Kumey,113
Arunachal Pradesh,Tirap,115
Arunachal Pradesh,Upper Subansiri,120
Arunachal Pradesh,Anjaw,125
Arunachal Pradesh,Dibang Valley,135
Nagaland,Phek,89
Nagaland,Mon,93
Nagaland,Tuensang,94
Nagaland,Mokokchung,105
Nagaland,Kohima,106
Tripura,West Tripura,75
Tripura,North Tripura,76
Tripura,Dhalai,110
Tripura,South Tripura,130