threshold,precision,recall,f1,alerts,true_positives,false_positives,false_negatives
0.84,0.021442495126705652,0.28205128205128205,0.03985507246376811,1539,33,1506,84
0.845,0.0223463687150838,0.27350427350427353,0.04131697869593286,1432,32,1400,85
0.85,0.023564064801178203,0.27350427350427353,0.04338983050847458,1358,32,1326,85
0.855,0.02491961414790997,0.26495726495726496,0.045554739162380606,1244,31,1213,86
0.86,0.025283347863993024,0.24786324786324787,0.04588607594936709,1147,29,1118,88
0.865,0.025689819219790674,0.23076923076923078,0.046232876712328765,1051,27,1024,90
0.87,0.028601694915254237,0.23076923076923078,0.05089538171536286,944,27,917,90
0.875,0.027744270205066344,0.19658119658119658,0.048625792811839326,829,23,806,94
0.88,0.027739251040221916,0.17094017094017094,0.0477326968973747,721,20,701,97
0.885,0.02975206611570248,0.15384615384615385,0.04986149584487535,605,18,587,99
0.89,0.03522504892367906,0.15384615384615385,0.05732484076433121,511,18,493,99
0.895,0.04116222760290557,0.1452991452991453,0.06415094339622641,413,17,396,100
0.9,0.04220779220779221,0.1111111111111111,0.0611764705882353,308,13,295,104
0.905,0.05150214592274678,0.10256410256410256,0.06857142857142857,233,12,221,105
0.91,0.05154639175257732,0.08547008547008547,0.06430868167202572,194,10,184,107
