threshold,precision,recall,f1,alerts,true_positives,false_positives,false_negatives,true_negatives
0.001,0.0013917801701064652,1.0,0.002779691620536457,84065,117,83948,0,0
0.002,0.0013917801701064652,1.0,0.002779691620536457,84065,117,83948,0,0
0.003,0.0013919457498066741,1.0,0.0027800218600009504,84055,117,83938,0,10
0.004,0.001396564689592609,1.0,0.002789234033423129,83777,117,83660,0,288
0.005,0.00141430747286222,1.0,0.0028246200644592785,82726,117,82609,0,1339
0.006,0.0014577622726140045,1.0,0.002911280590218595,80260,117,80143,0,3805
0.007,0.001488890585630297,1.0,0.0029733541722258222,78582,117,78465,0,5483
0.008,0.0015253839534823082,1.0,0.003046121402257254,76702,117,76585,0,7363
0.009000000000000001,0.0015638366124893072,1.0,0.003122789692124965,74816,117,74699,0,9249
0.010000000000000002,0.001614127060771194,1.0,0.0032230517065645575,72485,117,72368,0,11580
0.011,0.0016604694729073827,1.0,0.003315433769251477,70462,117,70345,0,13603
0.012,0.001708627840411239,1.0,0.0034114268219789193,68476,117,68359,0,15589
0.013000000000000001,0.0017573108637858785,1.0,0.0035084562792371357,66579,117,66462,0,17486
0.014000000000000002,0.001802662393689141,1.0,0.0035988372987188753,64904,117,64787,0,19161
0.015,0.0018276351031983615,0.9914529914529915,0.003648544513815717,63470,116,63354,1,20594
0.016,0.0018744142455482662,0.9914529914529915,0.003741754431237198,61886,116,61770,1,22178
0.017,0.0019272944773044462,0.9914529914529915,0.003847110521515629,60188,116,60072,1,23876
0.018000000000000002,0.001967535661583866,0.9914529914529915,0.003927277651758811,58957,116,58841,1,25107
0.019000000000000003,0.0020027970096168786,0.9914529914529915,0.003997518781445999,57919,116,57803,1,26145
0.02,0.002037590022835061,0.9914529914529915,0.00406682209406279,56930,116,56814,1,27134
0.021,0.002055700546995102,0.9829059829059829,0.0041028202429583115,55942,115,55827,2,28121
0.022000000000000002,0.002088327159148689,0.9829059829059829,0.004167799220802754,55068,115,54953,2,28995
0.023,0.002120988565105127,0.9829059829059829,0.004232843182361927,54220,115,54105,2,29843
0.024,0.0021556571942715754,0.9829059829059829,0.004301879734405686,53348,115,53233,2,30715
0.025,0.002193735454580138,0.9829059829059829,0.004377700374959554,52422,115,52307,2,31641
0.026000000000000002,0.0022353535746219336,0.9829059829059829,0.004460562806663693,51446,115,51331,2,32617
0.027000000000000003,0.002251140380324243,0.9743589743589743,0.004491902754245636,50641,114,50527,3,33421
0.028,0.0022803648583773406,0.9743589743589743,0.004550080823804107,49992,114,49878,3,34070
0.029,0.0023124670372023206,0.9743589743589743,0.004613983608216129,49298,114,49184,3,34764
0.030000000000000002,0.0023457272783390603,0.9743589743589743,0.0046801872074883,48599,114,48485,3,35463
0.031,0.0023741097088591776,0.9743589743589743,0.00473667809286382,48018,114,47904,3,36044
0.032,0.0024189954802979184,0.9743589743589743,0.004826009652019304,47127,114,47013,3,36935
0.033,0.00252156602521566,0.9743589743589743,0.0050301145012906215,45210,114,45096,3,38852
0.034,0.002551420066695016,0.9743589743589743,0.0050895129246841374,44681,114,44567,3,39381
0.035,0.0025812294803577492,0.9743589743589743,0.005148818933200849,44165,114,44051,3,39897
0.036000000000000004,0.002609233022819345,0.9743589743589743,0.005204528853177502,43691,114,43577,3,40371
0.037000000000000005,0.002639133253078989,0.9743589743589743,0.005264008496294415,43196,114,43082,3,40866
0.038,0.002650093808630394,0.9658119658119658,0.005285684215450102,42640,113,42527,4,41421
0.039,0.002691629746081654,0.9658119658119658,0.005368298534406993,41982,113,41869,4,42079
0.04,0.0027200731771898994,0.9658119658119658,0.00542486797887662,41543,113,41430,4,42518
0.041,0.0027537468015109054,0.9658119658119658,0.005491835147744945,41035,113,40922,4,43026
0.042,0.0027848288439263624,0.9658119658119658,0.005553644271882833,40577,113,40464,4,43484
0.043000000000000003,0.0028117146482868447,0.9658119658119658,0.005607105641839924,40189,113,40076,4,43872
0.044000000000000004,0.002839124645109419,0.9658119658119658,0.005661606292900446,39801,113,39688,4,44260
0.045,0.00286743808363784,0.9658119658119658,0.005717900063251107,39408,113,39295,4,44653
0.046,0.002891948610329119,0.9658119658119658,0.0057666300936439485,39074,113,38961,4,44987
0.047,0.00293141018989312,0.9658119658119658,0.005845079529290056,38548,113,38435,4,45513
0.048,0.0029591997066987902,0.9658119658119658,0.005900321123671775,38186,113,38073,4,45875
0.049,0.0030170342286538155,0.9658119658119658,0.006015277740810732,37454,113,37341,4,46607
0.05,0.003046479025126712,0.9658119658119658,0.0060737993496197155,37092,113,36979,4,46969
0.051000000000000004,0.0030758342860253687,0.9658119658119658,0.006132139465472799,36738,113,36625,4,47323
0.052000000000000005,0.0031007326509892162,0.9658119658119658,0.006181619256017505,36443,113,36330,4,47618
0.053000000000000005,0.0031269889586850045,0.9658119658119658,0.0062337948915981685,36137,113,36024,4,47924
0.054,0.0031264829857912515,0.9572649572649573,0.006232609905397885,35823,112,35711,5,48237
0.055,0.003126408292023434,0.9487179487179487,0.006232278711995733,35504,111,35393,6,48555
0.056,0.003154932780035813,0.9487179487179487,0.006288951841359774,35183,111,35072,6,48876
0.057,0.003179513620348887,0.9487179487179487,0.006337786913326482,34911,111,34800,6,49148
0.058,0.003203555658171953,0.9487179487179487,0.0063855490996951045,34649,111,34538,6,49410
0.059000000000000004,0.0032303125545660905,0.9487179487179487,0.006438701818498216,34362,111,34251,6,49697
0.060000000000000005,0.0032637459570714496,0.9487179487179487,0.006505113253435696,34010,111,33899,6,50049
0.061,0.0032940617859156603,0.9487179487179487,0.006565327970663039,33697,111,33586,6,50362
0.062,0.0033205695823860237,0.9487179487179487,0.006617975853331346,33428,111,33317,6,50631
0.063,0.0033499320959710275,0.9487179487179487,0.006676290147961025,33135,111,33024,6,50924
0.064,0.0033767339985397906,0.9487179487179487,0.00672951589923914,32872,111,32761,6,51187
0.065,0.003406057258584185,0.9487179487179487,0.006787745367822418,32589,111,32478,6,51470
0.066,0.003429948705271615,0.9487179487179487,0.00683518581237107,32362,111,32251,6,51697
0.067,0.003455790784557908,0.9487179487179487,0.006886496882464249,32120,111,32009,6,51939
0.068,0.00348071495766698,0.9487179487179487,0.006935982753772612,31890,111,31779,6,52169
0.069,0.003507441463645843,0.9487179487179487,0.006989044200982244,31647,111,31536,6,52412
0.07,0.003548139624088991,0.9487179487179487,0.00706983854017388,31284,111,31173,6,52775
0.07100000000000001,0.0035805296603335377,0.9487179487179487,0.0071341345844848645,31001,111,30890,6,53058
0.07200000000000001,0.003603779098081231,0.9487179487179487,0.007180283330098972,30801,111,30690,6,53258
0.07300000000000001,0.0036363636363636364,0.9487179487179487,0.007244957900920305,30525,111,30414,6,53534
0.074,0.0036625202098525093,0.9487179487179487,0.007296870891401525,30307,111,30196,6,53752
0.075,0.003656307129798903,0.9401709401709402,0.007284285808886829,30085,110,29975,7,53973
0.076,0.0036823781467595074,0.9401709401709402,0.007336023208509787,29872,110,29762,7,54186
0.077,0.0037109506780918966,0.9401709401709402,0.007392721529621291,29642,110,29532,7,54416
0.078,0.003739461517541474,0.9401709401709402,0.007449294010090407,29416,110,29306,7,54642
0.079,0.003766607314066566,0.9401709401709402,0.007503154735513795,29204,110,29094,7,54854
0.08,0.003789836347975883,0.9401709401709402,0.007549241644362089,29025,110,28915,7,55033
0.081,0.003813089295618414,0.9401709401709402,0.00759537372691179,28848,110,28738,7,55210
0.082,0.0038427947598253277,0.9401709401709402,0.007654303806276529,28625,110,28515,7,55433
0.083,0.003870377537736181,0.9401709401709402,0.007709019552876866,28421,110,28311,7,55637
0.084,0.0038968400170043926,0.9401709401709402,0.007761509966484389,28228,110,28118,7,55830
0.085,0.003918216143050509,0.9401709401709402,0.007803909048987265,28074,110,27964,7,55984
0.08600000000000001,0.0039544163640939,0.9401709401709402,0.00787570702369872,27817,110,27707,7,56241
0.08700000000000001,0.003982765487526702,0.9401709401709402,0.007931929622151716,27619,110,27509,7,56439
0.08800000000000001,0.004004514179620664,0.9401709401709402,0.007975059812948597,27469,110,27359,7,56589
0.089,0.00402827113926832,0.9401709401709402,0.008022170361726954,27307,110,27197,7,56751
0.09,0.004053356916500848,0.9401709401709402,0.008071913410383416,27138,110,27028,7,56920
0.091,0.004082541567695962,0.9401709401709402,0.008129780865452126,26944,110,26834,7,57114
0.092,0.004109691399536725,0.9401709401709402,0.008183610460142097,26766,110,26656,7,57292
0.093,0.004149847210170898,0.9401709401709402,0.008263221153846154,26507,110,26397,7,57551
0.094,0.004194151065695657,0.9401709401709402,0.008351047676890374,26227,110,26117,7,57831
0.095,0.004216659638900602,0.9401709401709402,0.008395664784002442,26087,110,25977,7,57971
0.096,0.004200223498131093,0.9316239316239316,0.008362743593678073,25951,109,25842,8,58106
0.097,0.004233174103848693,0.9316239316239316,0.008428052269388387,25749,109,25640,8,58308
0.098,0.004258477887169871,0.9316239316239316,0.008478201687862171,25596,109,25487,8,58461
0.099,0.004284928060382106,0.9316239316239316,0.008530620230874584,25438,109,25329,8,58619
0.1,0.004310515284533555,0.9316239316239316,0.00858132577546843,25287,109,25178,8,58770
0.101,0.004339517477506171,0.9316239316239316,0.008638795323954824,25118,109,25009,8,58939
0.10200000000000001,0.004377685850837383,0.9316239316239316,0.008714422769427566,24899,109,24790,8,59158
0.10300000000000001,0.004401195186949851,0.9316239316239316,0.008761001486958967,24766,109,24657,8,59291
0.10400000000000001,0.004427834423365967,0.9316239316239316,0.008813778604350286,24617,109,24508,8,59440
0.10500000000000001,0.004454798103645578,0.9316239316239316,0.008867195444376653,24468,109,24359,8,59589
0.106,0.004483013901455952,0.9316239316239316,0.008923089517416397,24314,109,24205,8,59743
0.107,0.0045093496607645205,0.9316239316239316,0.008975256288855038,24172,109,24063,8,59885
0.108,0.00449083121959333,0.9230769230769231,0.008938177604899445,24049,108,23941,9,60007
0.109,0.0045184503388837755,0.9230769230769231,0.008992880636163037,23902,108,23794,9,60154
0.11,0.0045024195245108355,0.9145299145299145,0.008960723557490998,23765,107,23658,10,60290
0.111,0.004526418207199966,0.9145299145299145,0.009008250547230173,23639,107,23532,10,60416
0.112,0.004553966632618318,0.9145299145299145,0.009062804387413713,23496,107,23389,10,60559
0.113,0.004577540106951872,0.9145299145299145,0.009109484079686703,23375,107,23268,10,60680
0.114,0.004607699595211437,0.9145299145299145,0.009169201765285573,23222,107,23115,10,60833
0.115,0.004631433147210319,0.9145299145299145,0.00921619293712317,23103,107,22996,10,60952
0.116,0.004613509749303621,0.905982905982906,0.009180271077815789,22976,106,22870,11,61078
0.117,0.004638340699251739,0.905982905982906,0.009229429690901176,22853,106,22747,11,61201
0.11800000000000001,0.004670838106988632,0.905982905982906,0.009293761781596598,22694,106,22588,11,61360
0.11900000000000001,0.004657971785999467,0.8974358974358975,0.009267840593141797,22542,105,22437,12,61511
0.12000000000000001,0.004680813124108417,0.8974358974358975,0.009313051576566589,22432,105,22327,12,61621
0.121,0.0047024049442429125,0.8974358974358975,0.009355787222667736,22329,105,22224,12,61724
0.122,0.004731221556346595,0.8974358974358975,0.00941281936351412,22193,105,22088,12,61860
0.123,0.004757805065929584,0.8974358974358975,0.009465428648697377,22069,105,21964,12,61984
0.124,0.004781638508128785,0.8974358974358975,0.009512592861025548,21959,105,21854,12,62094
0.125,0.004811217008797654,0.8974358974358975,0.00957112255594549,21824,105,21719,12,62229
0.126,0.004832251829352478,0.8974358974358975,0.009612743751716562,21729,105,21624,12,62324
0.127,0.004861786359216557,0.8974358974358975,0.009671179883945842,21597,105,21492,12,62456
0.128,0.004889406286379511,0.8974358974358975,0.009725824379399778,21475,105,21370,12,62578
0.129,0.004919415292353823,0.8974358974358975,0.009785191743162015,21344,105,21239,12,62709
0.13,0.004946064345941872,0.8974358974358975,0.009837908741684625,21229,105,21124,12,62824
0.131,0.004974888657253862,0.8974358974358975,0.009894925316873204,21106,105,21001,12,62947
0.132,0.005,0.8974358974358975,0.009944594402614007,21000,105,20895,12,63053
0.133,0.005023442732752847,0.8974358974358975,0.009990960559493792,20902,105,20797,12,63151
0.134,0.005045893603729155,0.8974358974358975,0.010035362706680684,20809,105,20704,12,63244
0.135,0.0050705041529843535,0.8974358974358975,0.010084033613445379,20708,105,20603,12,63345
0.136,0.005098324836125273,0.8974358974358975,0.010139049826187718,20595,105,20490,12,63458
0.137,0.005119204329384233,0.8974358974358975,0.010180337405468295,20511,105,20406,12,63542
0.138,0.00514453699167075,0.8974358974358975,0.010230428216495347,20410,105,20305,12,63643
0.139,0.005165543365966449,0.8974358974358975,0.010271962433965956,20327,105,20222,12,63726
0.14,0.005191081228061502,0.8974358974358975,0.010322453794730633,20227,105,20122,12,63826
0.14100000000000001,0.0051715564395822975,0.8888888888888888,0.010283284718445642,20110,104,20006,13,63942
0.14200000000000002,0.005197661052526363,0.8888888888888888,0.010334890191791712,20009,104,19905,13,64043
0.14300000000000002,0.005218263923733066,0.8888888888888888,0.010375617299346536,19930,104,19826,13,64122
0.14400000000000002,0.005243256869170658,0.8888888888888888,0.010425020048115477,19835,104,19731,13,64217
0.14500000000000002,0.00527142784733134,0.8888888888888888,0.010480701400786052,19729,104,19625,13,64323
0.146,0.005294776499338153,0.8888888888888888,0.010526848524722911,19642,104,19538,13,64410
0.147,0.005316701600122693,0.8888888888888888,0.010570179896330929,19561,104,19457,13,64491
0.148,0.005337712995278177,0.8888888888888888,0.010611703484516096,19484,104,19380,13,64568
0.149,0.0053605484253389,0.8888888888888888,0.010656829593196025,19401,104,19297,13,64651
0.15,0.00538163001293661,0.8888888888888888,0.010698487809896101,19325,104,19221,13,64727
0.151,0.005405124473779949,0.8888888888888888,0.010744911664428144,19241,104,19137,13,64811
0.152,0.005428541601419773,0.8888888888888888,0.01079118028534371,19158,104,19054,13,64894
0.153,0.005449591280653951,0.8888888888888888,0.010832769126607989,19084,104,18980,13,64968
0.154,0.005472820081039836,0.8888888888888888,0.010878661087866108,19003,104,18899,13,65049
0.155,0.005497119298060151,0.8888888888888888,0.010926665265812145,18919,104,18815,13,65133
0.156,0.0055248618784530384,0.8888888888888888,0.01098146877144818,18824,104,18720,13,65228
0.157,0.005548146172312617,0.8888888888888888,0.011027462623263705,18745,104,18641,13,65307
0.158,0.005568047970874826,0.8888888888888888,0.011066773077946263,18678,104,18574,13,65374
0.159,0.005588993981083405,0.8888888888888888,0.011108144192256341,18608,104,18504,13,65444
0.16,0.005610098176718092,0.8888888888888888,0.011149825783972125,18538,104,18434,13,65514
0.161,0.005634108023186522,0.8888888888888888,0.01119724375538329,18459,104,18355,13,65593
0.162,0.005654017614439491,0.8888888888888888,0.011236562044189942,18394,104,18290,13,65658
0.163,0.005677475706954907,0.8888888888888888,0.011282885815025767,18318,104,18214,13,65734
0.164,0.005696445199101715,0.8888888888888888,0.011320343964297376,18257,104,18153,13,65795
0.165,0.005722460658082976,0.8888888888888888,0.011371712864250177,18174,104,18070,13,65878
0.166,0.005747761688957666,0.8888888888888888,0.011421668222502884,18094,104,17990,13,65958
0.167,0.00571206743566992,0.8803418803418803,0.01135048763017246,18032,103,17929,14,66019
0.168,0.005738800980610653,0.8803418803418803,0.011403265983946859,17948,103,17845,14,66103
0.169,0.005754832942228182,0.8803418803418803,0.011434915348320843,17898,103,17795,14,66153
0.17,0.005771601479323098,0.8803418803418803,0.011468017591716305,17846,103,17743,14,66205
0.171,0.005788142736723799,0.8803418803418803,0.011500669941938366,17795,103,17692,14,66256
0.17200000000000001,0.005752961082910322,0.8717948717948718,0.011430492519751218,17730,102,17628,15,66320
0.17300000000000001,0.005712346586731519,0.8632478632478633,0.01134958984155523,17681,101,17580,16,66368
0.17400000000000002,0.005732122587968218,0.8632478632478633,0.011388622653210802,17620,101,17519,16,66429
0.17500000000000002,0.00575367437621055,0.8632478632478633,0.011431158395110634,17554,101,17453,16,66495
0.17600000000000002,0.0057717583861934965,0.8632478632478633,0.011466848319709354,17499,101,17398,16,66550
0.177,0.0057916164917713175,0.8632478632478633,0.011506037821827296,17439,101,17338,16,66610
0.178,0.005808603634690592,0.8632478632478633,0.011539560125678378,17388,101,17287,16,66661
0.179,0.005824346923476155,0.8632478632478633,0.011570626646809485,17341,101,17240,16,66708
0.18,0.005843554732700764,0.8632478632478633,0.011608528245503132,17284,101,17183,16,66765
0.181,0.005861868833430064,0.8632478632478633,0.011644664783536058,17230,101,17129,16,66819
0.182,0.00587756052141527,0.8632478632478633,0.01167562568637651,17184,101,17083,16,66865
0.183,0.005899188131534373,0.8632478632478633,0.011718296786170089,17121,101,17020,16,66928
0.184,0.005921669793621013,0.8632478632478633,0.011762650672567402,17056,101,16955,16,66993
0.185,0.005943623845112694,0.8632478632478633,0.011805961426066628,16993,101,16892,16,67056
0.186,0.005963275668654425,0.8632478632478633,0.0118447285094406,16937,101,16836,16,67112
0.187,0.005981994787964937,0.8632478632478633,0.011881654020351745,16884,101,16783,16,67165
0.188,0.005999762385648093,0.8632478632478633,0.011916701079582325,16834,101,16733,16,67215
0.189,0.006016202049082678,0.8632478632478633,0.011949127477077787,16788,101,16687,16,67261
0.19,0.0060370591751344885,0.8632478632478633,0.01199026532913872,16730,101,16629,16,67319
0.191,0.006051165298663951,0.8632478632478633,0.012018086625416468,16691,101,16590,16,67358
0.192,0.006067888254731151,0.8632478632478633,0.012051067891659707,16645,101,16544,16,67404
0.193,0.0060865373026395084,0.8632478632478633,0.012087846328765485,16594,101,16493,16,67455
0.194,0.006103456611070824,0.8632478632478633,0.012121212121212121,16548,101,16447,16,67501
0.195,0.006122696411251212,0.8632478632478633,0.01215915247095648,16496,101,16395,16,67553
0.196,0.006144299793162185,0.8632478632478633,0.012201751736635458,16438,101,16337,16,67611
0.197,0.006162294081757169,0.8632478632478633,0.012237232689162174,16390,101,16289,16,67659
0.198,0.00611583389395144,0.8547008547008547,0.012144765606023804,16351,100,16251,17,67697
0.199,0.00613421666053245,0.8547008547008547,0.012181009805712894,16302,100,16202,17,67746
0.2,0.006150818058801821,0.8547008547008547,0.012213740458015267,16258,100,16158,17,67790
0.201,0.006166368625516433,0.8547008547008547,0.012244398187829068,16217,100,16117,17,67831
0.202,0.006187735907431471,0.8547008547008547,0.012286521685710775,16161,100,16061,17,67887
0.203,0.0062050136510300325,0.8547008547008547,0.012320581531448284,16116,100,16016,17,67932
0.20400000000000001,0.006225487144369047,0.8547008547008547,0.012360939431396786,16063,100,15963,17,67985
0.20500000000000002,0.006244925997626928,0.8547008547008547,0.012399256044637322,16013,100,15913,17,68035
0.20600000000000002,0.0062660567704743405,0.8547008547008547,0.01244090569793481,15959,100,15859,17,68089
0.20700000000000002,0.006283380458686773,0.8547008547008547,0.0124750499001996,15915,100,15815,17,68133
0.20800000000000002,0.00630119722747322,0.8547008547008547,0.01251016450866329,15870,100,15770,17,68178
0.20900000000000002,0.00631911532385466,0.8547008547008547,0.012545477355413373,15825,100,15725,17,68223
0.21,0.0063371356147021544,0.8547008547008547,0.012580990123922752,15780,100,15680,17,68268
0.211,0.006352029473416757,0.8547008547008547,0.012610340479192938,15743,100,15643,17,68305
0.212,0.006368615462998344,0.8547008547008547,0.012643024211391365,15702,100,15602,17,68346
0.213,0.006385288295766554,0.8547008547008547,0.012675877804537964,15661,100,15561,17,68387
0.214,0.0064057395426301966,0.8547008547008547,0.01271617497456765,15611,100,15511,17,68437
0.215,0.006421782686873876,0.8547008547008547,0.01274778507234368,15572,100,15472,17,68476
0.216,0.006431695394906097,0.8547008547008547,0.012767315671879987,15548,100,15448,17,68500
0.217,0.0064495324089003546,0.8547008547008547,0.012802458071949815,15505,100,15405,17,68543
0.218,0.006467886941336266,0.8547008547008547,0.012838618564642445,15461,100,15361,17,68587
0.219,0.0064817215452424165,0.8547008547008547,0.012865873271148279,15428,100,15328,17,68620
0.22,0.006498148027812073,0.8547008547008547,0.012898232942086934,15389,100,15289,17,68659
0.221,0.006515082415792559,0.8547008547008547,0.0129315918789603,15349,100,15249,17,68699
0.222,0.006528693608408957,0.8547008547008547,0.012958403524685759,15317,100,15217,17,68731
0.223,0.006547073458164201,0.8547008547008547,0.012994607237996232,15274,100,15174,17,68774
0.224,0.006559097468188378,0.8547008547008547,0.013018290698431296,15246,100,15146,17,68802
0.225,0.0065780818313379815,0.8547008547008547,0.013055682485801945,15202,100,15102,17,68846
0.226,0.006597611664577423,0.8547008547008547,0.013094146916328401,15157,100,15057,17,68891
0.227,0.0066133192249189865,0.8547008547008547,0.013125082031762698,15121,100,15021,17,68927
0.228,0.006631739505272233,0.8547008547008547,0.013161358252171624,15079,100,14979,17,68969
0.229,0.006577636037472593,0.8461538461538461,0.01305379746835443,15051,99,14952,18,68996
0.23,0.006596042374575255,0.8461538461538461,0.013090043633478779,15009,99,14910,18,69038
0.231,0.006618531889290012,0.8461538461538461,0.013134328358208954,14958,99,14859,18,69089
0.232,0.006635833500904886,0.8461538461538461,0.013168395849960097,14919,99,14820,18,69128
0.233,0.006648311060372037,0.8461538461538461,0.013192963752665245,14891,99,14792,18,69156
0.234,0.006662180349932705,0.8461538461538461,0.013220271082326233,14860,99,14761,18,69187
0.23500000000000001,0.006678809957498482,0.8461538461538461,0.01325301204819277,14823,99,14724,18,69224
0.23600000000000002,0.006697334596130429,0.8461538461538461,0.013289482515605074,14782,99,14683,18,69265
0.23700000000000002,0.006710954446854663,0.8461538461538461,0.013316295648665008,14752,99,14653,18,69295
0.23800000000000002,0.006726914452673778,0.8461538461538461,0.01334771470945126,14717,99,14618,18,69330
0.23900000000000002,0.006751227495908347,0.8461538461538461,0.013395575400852447,14664,99,14565,18,69383
0.24000000000000002,0.006765992345544013,0.8461538461538461,0.013424638958573463,14632,99,14533,18,69415
0.241,0.0067812863894787315,0.8461538461538461,0.013454743136721936,14599,99,14500,18,69448
0.242,0.006804591380850917,0.8461538461538461,0.013500613664257467,14549,99,14450,18,69498
0.243,0.0068271153713536994,0.8461538461538461,0.013544944588863045,14501,99,14402,18,69546
0.244,0.006845526206610427,0.8461538461538461,0.013581178407298168,14462,99,14363,18,69585
0.245,0.006863560732113145,0.8461538461538461,0.013616670105219723,14424,99,14325,18,69623
0.246,0.006881690532462116,0.8461538461538461,0.013652347790112391,14386,99,14287,18,69661
0.247,0.006905691964285714,0.8461538461538461,0.013699577942295716,14336,99,14237,18,69711
0.248,0.006919689662403019,0.8461538461538461,0.01372712146422629,14307,99,14208,18,69740
0.249,0.0069356872635561164,0.8461538461538461,0.013758599124452783,14274,99,14175,18,69773
0.25,0.0069556664090493926,0.8461538461538461,0.013797909407665506,14233,99,14134,18,69814
0.251,0.006973795435333897,0.8461538461538461,0.013833577866275414,14196,99,14097,18,69851
0.252,0.006996960915965793,0.8461538461538461,0.013879153231459414,14149,99,14050,18,69898
0.253,0.007013318220459054,0.8461538461538461,0.013911332818098785,14116,99,14017,18,69931
0.254,0.007032248898991334,0.8461538461538461,0.013948573441352589,14078,99,13979,18,69969
0.255,0.0070517843151221594,0.8461538461538461,0.013987001977959875,14039,99,13940,18,70008
0.256,0.007063356164383561,0.8461538461538461,0.014009764381235407,14016,99,13917,18,70031
0.257,0.007079013228459064,0.8461538461538461,0.014040561622464899,13985,99,13886,18,70062
0.258,0.007093723129836629,0.8461538461538461,0.014069494777232999,13956,99,13857,18,70091
0.259,0.007110536522301228,0.8461538461538461,0.014102564102564103,13923,99,13824,18,70124
0.26,0.007125890736342043,0.8461538461538461,0.014132762312633832,13893,99,13794,18,70154
0.261,0.007145434861060989,0.8461538461538461,0.014171199541941026,13855,99,13756,18,70192
0.262,0.0071578338514930225,0.8461538461538461,0.014195583596214511,13831,99,13732,18,70216
0.263,0.007179115300942712,0.8461538461538461,0.014237434385561229,13790,99,13691,18,70257
0.264,0.007195290355403736,0.8461538461538461,0.01426924185644278,13759,99,13660,18,70288
0.265,0.007207863123407354,0.8461538461538461,0.014293964770430262,13735,99,13636,18,70312
0.266,0.007149631575107609,0.8376068376068376,0.014178240740740741,13707,98,13609,19,70339
0.267,0.007094792276184904,0.8290598290598291,0.014069185582710857,13672,97,13575,20,70373
0.268,0.007106747747087699,0.8290598290598291,0.01409269214005521,13649,97,13552,20,70396
0.269,0.0071192660550458715,0.8290598290598291,0.014117304613593364,13625,97,13528,20,70420
0.27,0.007141805330584597,0.8290598290598291,0.01416161763632382,13582,97,13485,20,70463
0.271,0.00708853282138374,0.8205128205128205,0.014055636896046853,13543,96,13447,21,70501
0.272,0.007102167640748687,0.8205128205128205,0.014082440956432449,13517,96,13421,21,70527
0.273,0.0071174377224199285,0.8205128205128205,0.014112458654906285,13488,96,13392,21,70556
0.274,0.00713224368499257,0.8205128205128205,0.014141562937320468,13460,96,13364,21,70584
0.275,0.0071492403932082215,0.8205128205128205,0.014174972314507199,13428,96,13332,21,70616
0.276,0.007168994100515271,0.8205128205128205,0.014213799230085875,13391,96,13295,21,70653
0.277,0.007194244604316547,0.8205128205128205,0.014263427679964342,13344,96,13248,21,70700
0.278,0.007139099721950853,0.811965811965812,0.014153754469606674,13307,95,13212,22,70736
0.279,0.007160624104921987,0.811965811965812,0.01419605499103407,13267,95,13172,22,70776
0.28,0.007177394983378664,0.811965811965812,0.014229012206994683,13236,95,13141,22,70807
0.281,0.007118515713744794,0.8034188034188035,0.014111995195916528,13205,94,13111,23,70837
0.28200000000000003,0.007133641951885861,0.8034188034188035,0.014141718068301489,13177,94,13083,23,70865
0.28300000000000003,0.007151007987828071,0.8034188034188035,0.01417584074800181,13145,94,13051,23,70897
0.28400000000000003,0.007167365611894777,0.8034188034188035,0.014207980652962516,13115,94,13021,23,70927
0.28500000000000003,0.0071892925430210326,0.8034188034188035,0.014251061249241965,13075,94,12981,23,70967
0.28600000000000003,0.007203617135412676,0.8034188034188035,0.014279204010329637,13049,94,12955,23,70993
0.28700000000000003,0.007220771239821785,0.8034188034188035,0.014312904453749524,13018,94,12924,23,71024
0.28800000000000003,0.007234108049869171,0.8034188034188035,0.014339104568682785,12994,94,12900,23,71048
0.28900000000000003,0.007244143033292232,0.8034188034188035,0.014358817688841365,12976,94,12882,23,71066
0.29,0.007259247818364353,0.8034188034188035,0.014388489208633094,12949,94,12855,23,71093
0.291,0.007272727272727273,0.8034188034188035,0.014414967029596687,12925,94,12831,23,71117
0.292,0.007288516709312244,0.8034188034188035,0.014445981250960504,12897,94,12803,23,71145
0.293,0.007303239841504157,0.8034188034188035,0.014474899907607022,12871,94,12777,23,71171
0.294,0.00732030215715287,0.8034188034188035,0.0145084117919432,12841,94,12747,23,71201
0.295,0.007335726549086936,0.8034188034188035,0.014538705436547832,12814,94,12720,23,71228
0.296,0.007282693813625685,0.7948717948717948,0.014433149685729806,12770,93,12677,24,71271
0.297,0.007299843014128728,0.7948717948717948,0.014466827409193436,12740,93,12647,24,71301
0.298,0.007310746010533763,0.7948717948717948,0.014488238043308926,12721,93,12628,24,71320
0.299,0.007328027736191001,0.7948717948717948,0.014522173641474078,12691,93,12598,24,71350
0.3,0.007340753019180677,0.7948717948717948,0.014547160957297044,12669,93,12576,24,71372
0.301,0.007361089124584455,0.7948717948717948,0.014587091208532663,12634,93,12541,24,71407
0.302,0.007373929590865842,0.7948717948717948,0.014612302616073533,12612,93,12519,24,71429
0.303,0.007390336935791482,0.7948717948717948,0.01464451617982836,12584,93,12491,24,71457
0.304,0.0073254239987260135,0.7863247863247863,0.01451562006942253,12559,92,12467,25,71481
0.305,0.007340035104515717,0.7863247863247863,0.01454430479803968,12534,92,12442,25,71506
0.306,0.007351766022055298,0.7863247863247863,0.014567334336157074,12514,92,12422,25,71526
0.307,0.007289330342838834,0.7777777777777778,0.014443298150940401,12484,91,12393,26,71555
0.308,0.007312761170041787,0.7777777777777778,0.01448929225380145,12444,91,12353,26,71595
0.309,0.007333387057780643,0.7777777777777778,0.014529778061631806,12409,91,12318,26,71630
0.31,0.007347597900686314,0.7777777777777778,0.014557670772676373,12385,91,12294,26,71654
0.311,0.007369017734229493,0.7777777777777778,0.01459971121450345,12349,91,12258,26,71690
0.312,0.007376185458377239,0.7777777777777778,0.014613778705636743,12337,91,12246,26,71702
0.313,0.007389962644144875,0.7777777777777778,0.01464081731155981,12314,91,12223,26,71725
0.314,0.007408613530896361,0.7777777777777778,0.01467741935483871,12283,91,12192,26,71756
0.315,0.007421906859146889,0.7777777777777778,0.01470350622071417,12261,91,12170,26,71778
0.316,0.007436463185421263,0.7777777777777778,0.014732070584426096,12237,91,12146,26,71802
0.317,0.007458405048766495,0.7777777777777778,0.014775125832115604,12201,91,12110,26,71838
0.318,0.007473718791064389,0.7777777777777778,0.014805173676075815,12176,91,12085,26,71863
0.319,0.007494029482006094,0.7777777777777778,0.014845024469820554,12143,91,12052,26,71896
0.32,0.0075107296137339056,0.7777777777777778,0.01487778958554729,12116,91,12025,26,71923
0.321,0.00753248903236487,0.7777777777777778,0.014920478767010985,12081,91,11990,26,71958
0.322,0.0075499875549655685,0.7777777777777778,0.01495480690221857,12053,91,11962,26,71986
0.323,0.0075625363583478765,0.7777777777777778,0.014979423868312757,12033,91,11942,26,72006
0.324,0.0075744964208423506,0.7777777777777778,0.015002885170225043,12014,91,11923,26,72025
0.325,0.007589025102159953,0.7777777777777778,0.01503138420878758,11991,91,11900,26,72048
0.326,0.0076118778753659555,0.7777777777777778,0.015076209410205434,11955,91,11864,26,72084
0.327,0.007629747631424499,0.7777777777777778,0.015111258718033876,11927,91,11836,26,72112
0.328,0.00764513147945896,0.7777777777777778,0.0151414309484193,11903,91,11812,26,72136
0.329,0.0076605774896876845,0.7777777777777778,0.015171723907969323,11879,91,11788,26,72160
0.33,0.007681917946986324,0.7777777777777778,0.015213575190169689,11846,91,11755,26,72193
0.331,0.007696211096075778,0.7777777777777778,0.015241604555732351,11824,91,11733,26,72215
0.332,0.007711210914329294,0.7777777777777778,0.015271018627286458,11801,91,11710,26,72238
0.333,0.00772692536299567,0.7777777777777778,0.01530183285690264,11777,91,11686,26,72262
0.334,0.007742045261187681,0.7777777777777778,0.01533148007749979,11754,91,11663,26,72285
0.335,0.007759208731241474,0.7777777777777778,0.015365132967496834,11728,91,11637,26,72311
0.336,0.007778442601931789,0.7777777777777778,0.015402843601895734,11699,91,11608,26,72340
0.337,0.0077035008131473084,0.7692307692307693,0.015254237288135594,11683,90,11593,27,72355
0.338,0.0077273117540997685,0.7692307692307693,0.015300918055083304,11647,90,11557,27,72391
0.339,0.007740603767093833,0.7692307692307693,0.015326975476839238,11627,90,11537,27,72411
0.34,0.0077559462254395035,0.7692307692307693,0.015357051446122344,11604,90,11514,27,72434
0.341,0.007779410493560377,0.7692307692307693,0.015403046380284101,11569,90,11479,27,72469
0.342,0.007794907327212887,0.7692307692307693,0.015433421932607392,11546,90,11456,27,72492
0.343,0.007815892314372557,0.7692307692307693,0.015474552957359009,11515,90,11425,27,72523
0.34400000000000003,0.00783221651727439,0.7692307692307693,0.015506547208821502,11491,90,11401,27,72547
0.34500000000000003,0.007851347814708191,0.7692307692307693,0.015544041450777202,11463,90,11373,27,72575
0.34600000000000003,0.007802226702901727,0.7606837606837606,0.015446025685525859,11407,89,11318,28,72630
0.34700000000000003,0.007823488045007033,0.7606837606837606,0.015487688158009223,11376,89,11287,28,72661
0.34800000000000003,0.007840718879393886,0.7606837606837606,0.015521450994070457,11351,89,11262,28,72686
0.34900000000000003,0.007855944920116514,0.7606837606837606,0.01555128429145553,11329,89,11240,28,72708
0.35000000000000003,0.007882384199805154,0.7606837606837606,0.015603085553997195,11291,89,11202,28,72746
0.35100000000000003,0.007904085257548845,0.7606837606837606,0.015645600773490375,11260,89,11171,28,72777
0.35200000000000004,0.00792520035618878,0.7606837606837606,0.015686965717810874,11230,89,11141,28,72807
0.353,0.007938631701007939,0.7606837606837606,0.015713276836158193,11211,89,11122,28,72826
0.354,0.007954951734000714,0.7606837606837606,0.015745245466607695,11188,89,11099,28,72849
0.355,0.007982062780269058,0.7606837606837606,0.01579834916126742,11150,89,11061,28,72887
0.356,0.007992815446789403,0.7606837606837606,0.015819409882687523,11135,89,11046,28,72902
0.357,0.008005036877136176,0.7606837606837606,0.01584334668446818,11118,89,11029,28,72919
0.358,0.008020185635757411,0.7606837606837606,0.015873015873015872,11097,89,11008,28,72940
0.359,0.008036843055806393,0.7606837606837606,0.015905638459476366,11074,89,10985,28,72963
0.36,0.008047743918980017,0.7606837606837606,0.015926986399427346,11059,89,10970,28,72978
0.361,0.00806670896401704,0.7606837606837606,0.015964125560538115,11033,89,10944,28,73004
0.362,0.00808576360497865,0.7606837606837606,0.01600143833153542,11007,89,10918,28,73030
0.363,0.00810712333758426,0.7606837606837606,0.016043262730959892,10978,89,10889,28,73059
0.364,0.008118956394818464,0.7606837606837606,0.016066431988446612,10962,89,10873,28,73075
0.365,0.008139747576367295,0.7606837606837606,0.01610713962537327,10934,89,10845,28,73103
0.366,0.00815615835777126,0.7606837606837606,0.016139269199383445,10912,89,10823,28,73125
0.367,0.008174136664217487,0.7606837606837606,0.016174466151749205,10888,89,10799,28,73149
0.368,0.008195966479417994,0.7606837606837606,0.016217201166180757,10859,89,10770,28,73178
0.369,0.008212604964473564,0.7606837606837606,0.01624977177286836,10837,89,10748,28,73200
0.37,0.00823235593377116,0.7606837606837606,0.01628843338213763,10811,89,10722,28,73226
0.371,0.008252202132591563,0.7606837606837606,0.016327279398275545,10785,89,10696,28,73252
0.372,0.00827599032917984,0.7606837606837606,0.016373838653297765,10754,89,10665,28,73283
0.373,0.008296047725577927,0.7606837606837606,0.01641309359151683,10728,89,10639,28,73309
0.374,0.008316979721521353,0.7606837606837606,0.016454058051395822,10701,89,10612,28,73336
0.375,0.008331773076202958,0.7606837606837606,0.016483007685896844,10682,89,10593,28,73355
0.376,0.008348184973267048,0.7606837606837606,0.016515123399517537,10661,89,10572,28,73376
0.377,0.008363875575603797,0.7606837606837606,0.01654582636177728,10641,89,10552,28,73396
0.378,0.008386732001507727,0.7606837606837606,0.016590548979401622,10612,89,10523,28,73425
0.379,0.008401774756914945,0.7606837606837606,0.01661998132586368,10593,89,10504,28,73444
0.38,0.008418463866818009,0.7606837606837606,0.016652633548507812,10572,89,10483,28,73465
0.381,0.008442420793018402,0.7606837606837606,0.016699502767614224,10542,89,10453,28,73495
0.382,0.00845686050931205,0.7606837606837606,0.016727751151207594,10524,89,10435,28,73513
0.383,0.008479420731707318,0.7606837606837606,0.016771883539055874,10496,89,10407,28,73541
0.384,0.008401756730952836,0.7521367521367521,0.0166178831082995,10474,88,10386,29,73562
0.385,0.008420246866328581,0.7521367521367521,0.016654049962149888,10451,88,10363,29,73585
0.386,0.00844205679201842,0.7521367521367521,0.016696708092211365,10424,88,10336,29,73612
0.387,0.008462352149245119,0.7521367521367521,0.016736401673640166,10399,88,10311,29,73637
0.388,0.008481110254433308,0.7521367521367521,0.016773086819784618,10376,88,10288,29,73660
0.389,0.008508992457938503,0.7521367521367521,0.016827612582464863,10342,88,10254,29,73694
0.39,0.008532092301725809,0.7521367521367521,0.01687278305052248,10314,88,10226,29,73722
0.391,0.00855282340363495,0.7521367521367521,0.016913319238900635,10289,88,10201,29,73747
0.392,0.008572820263029713,0.7521367521367521,0.01695241764592564,10265,88,10177,29,73771
0.393,0.008592071860964655,0.7521367521367521,0.016990056955304565,10242,88,10154,29,73794
0.394,0.00860551535302171,0.7521367521367521,0.017016339553321085,10226,88,10138,29,73810
0.395,0.008627450980392156,0.7521367521367521,0.01705922264224096,10200,88,10112,29,73836
0.396,0.008652900688298918,0.7521367521367521,0.017108972489549918,10170,88,10082,29,73866
0.397,0.00868278243709916,0.7521367521367521,0.017167381974248927,10135,88,10047,29,73901
0.398,0.00860363924050633,0.7435897435897436,0.017010460455567505,10112,87,10025,30,73923
0.399,0.008619835529574953,0.7435897435897436,0.01704211557296768,10093,87,10006,30,73942
0.4,0.008644674085850556,0.7435897435897436,0.01709065907081819,10064,87,9977,30,73971
0.401,0.008668792347548825,0.7435897435897436,0.017137791785679108,10036,87,9949,30,73999
0.402,0.008682634730538923,0.7435897435897436,0.01716484166913288,10020,87,9933,30,74015
0.403,0.008709580538592452,0.7435897435897436,0.017217494557688503,9989,87,9902,30,74046
0.404,0.008734062845095874,0.7435897435897436,0.017265330422702917,9961,87,9874,30,74074
0.405,0.008651911468812877,0.7350427350427351,0.017102515660733817,9940,86,9854,31,74094
0.406,0.008671103044968743,0.7350427350427351,0.017140009965122074,9918,86,9832,31,74116
0.40700000000000003,0.008690379951495554,0.7350427350427351,0.01717766903026066,9896,86,9810,31,74138
0.40800000000000003,0.00871238982879141,0.7350427350427351,0.017220664797757308,9871,86,9785,31,74163
0.40900000000000003,0.008724764127016334,0.7350427350427351,0.01724483657509525,9857,86,9771,31,74177
0.41000000000000003,0.008746059188447066,0.7350427350427351,0.01728643216080402,9833,86,9747,31,74201
0.41100000000000003,0.008762991644589362,0.7350427350427351,0.017319504581613132,9814,86,9728,31,74220
0.41200000000000003,0.008793456032719837,0.7350427350427351,0.017379003738506617,9780,86,9694,31,74254
0.41300000000000003,0.008814184687916367,0.7350427350427351,0.01741948551752076,9757,86,9671,31,74277
0.41400000000000003,0.008838643371017472,0.7350427350427351,0.017467248908296942,9730,86,9644,31,74304
0.41500000000000004,0.00885593656677994,0.7350427350427351,0.017501017501017502,9711,86,9625,31,74323
0.41600000000000004,0.008774646433364303,0.7264957264957265,0.01733986128110975,9687,85,9602,32,74346
0.41700000000000004,0.008795529801324503,0.7264957264957265,0.01738063592679685,9664,85,9579,32,74369
0.418,0.008818342151675485,0.7264957264957265,0.017425174251742517,9639,85,9554,32,74394
0.419,0.00884771520766108,0.7264957264957265,0.017482517482517484,9607,85,9522,32,74426
0.42,0.008871725289635738,0.7264957264957265,0.01752938750257785,9581,85,9496,32,74452
0.421,0.008889353691696298,0.7264957264957265,0.017563797913007544,9562,85,9477,32,74471
0.422,0.00890985324947589,0.7264957264957265,0.01760381070725898,9540,85,9455,32,74493
0.423,0.008942661756970016,0.7264957264957265,0.0176678445229682,9505,85,9420,32,74528
0.424,0.0089671906319232,0.7264957264957265,0.017715714881200502,9479,85,9394,32,74554
0.425,0.008982352319560393,0.7264957264957265,0.017745302713987474,9463,85,9378,32,74570
0.426,0.009003283550471348,0.7264957264957265,0.017786147729650554,9441,85,9356,32,74592
0.427,0.009019524617996605,0.7264957264957265,0.01781783880096426,9424,85,9339,32,74609
0.428,0.009042553191489361,0.7264957264957265,0.017862771881895556,9400,85,9315,32,74633
0.429,0.009066666666666667,0.7264957264957265,0.017909818794774546,9375,85,9290,32,74658
0.43,0.009091881484650765,0.7264957264957265,0.017959011197971688,9349,85,9264,32,74684
0.431,0.00911919321961163,0.7264957264957265,0.018012290739563466,9321,85,9236,32,74712
0.432,0.00914470145239376,0.7264957264957265,0.01806204844878878,9295,85,9210,32,74738
0.433,0.009167385677308024,0.7264957264957265,0.018106294600063903,9272,85,9187,32,74761
0.434,0.009204114780725501,0.7264957264957265,0.01817792985457656,9235,85,9150,32,74798
0.435,0.009226093563442962,0.7264957264957265,0.01822079314040729,9213,85,9128,32,74820
0.436,0.009248177565009248,0.7264957264957265,0.01826385904598195,9191,85,9106,32,74842
0.437,0.009272390094905639,0.7264957264957265,0.01831107281344248,9167,85,9082,32,74866
0.438,0.009290632856049842,0.7264957264957265,0.018346643643427585,9149,85,9064,32,74884
0.439,0.009315068493150684,0.7264957264957265,0.018394286950876432,9125,85,9040,32,74908
0.44,0.009338606899582508,0.7264957264957265,0.018440177893480854,9102,85,9017,32,74931
0.441,0.009361233480176211,0.7264957264957265,0.018484288354898338,9080,85,8995,32,74953
0.442,0.009375689388925657,0.7264957264957265,0.018512468692148534,9066,85,8981,32,74967
0.443,0.009398496240601503,0.7264957264957265,0.018556926099770766,9044,85,8959,32,74989
0.444,0.009417239087081765,0.7264957264957265,0.018593459477195668,9026,85,8941,32,75007
0.445,0.009438152342882523,0.7264957264957265,0.01863422119916694,9006,85,8921,32,75027
0.446,0.009454949944382647,0.7264957264957265,0.01866695948171736,8990,85,8905,32,75043
0.447,0.00947708774668302,0.7264957264957265,0.018710103455866166,8969,85,8884,32,75064
0.448,0.009501453163424994,0.7264957264957265,0.018757585788370296,8946,85,8861,32,75087
0.449,0.009522742549854357,0.7264957264957265,0.018799071104721884,8926,85,8841,32,75107
0.45,0.009545199326221224,0.7264957264957265,0.018842828641099534,8905,85,8820,32,75128
0.451,0.009563456345634564,0.7264957264957265,0.018878400888395337,8888,85,8803,32,75145
0.452,0.009583944074867515,0.7264957264957265,0.018918317382595147,8869,85,8784,32,75164
0.453,0.009497964721845319,0.717948717948718,0.018747907599598258,8844,84,8760,33,75188
0.454,0.009518413597733711,0.717948717948718,0.0187877432341758,8825,84,8741,33,75207
0.455,0.00954653937947494,0.717948717948718,0.018842530282637954,8799,84,8715,33,75233
0.456,0.009567198177676537,0.717948717948718,0.01888276947285602,8780,84,8696,33,75252
0.457,0.00959123087462891,0.717948717948718,0.01892957746478873,8758,84,8674,33,75274
0.458,0.009612083762444216,0.717948717948718,0.018970189701897018,8739,84,8655,33,75293
0.459,0.009630818619582664,0.717948717948718,0.019006674963231135,8722,84,8638,33,75310
0.46,0.009655172413793104,0.717948717948718,0.01905410003402518,8700,84,8616,33,75332
0.461,0.00968299711815562,0.717948717948718,0.01910828025477707,8675,84,8591,33,75357
0.462,0.009705372616984401,0.717948717948718,0.019151846785225718,8655,84,8571,33,75377
0.463,0.009731232622798888,0.717948717948718,0.01920219453651846,8632,84,8548,33,75400
0.464,0.009745910198398886,0.717948717948718,0.019230769230769232,8619,84,8535,33,75413
0.465,0.009778812572759022,0.717948717948718,0.019294820259561273,8590,84,8506,33,75442
0.466,0.009806210600046696,0.717948717948718,0.019348151560520558,8566,84,8482,33,75466
0.467,0.009836065573770493,0.717948717948718,0.019406260829386623,8540,84,8456,33,75492
0.468,0.009862627685804861,0.717948717948718,0.019457956914523976,8517,84,8433,33,75515
0.46900000000000003,0.00988235294117647,0.717948717948718,0.01949634443541836,8500,84,8416,33,75532
0.47000000000000003,0.009910335063709298,0.717948717948718,0.01955079716047946,8476,84,8392,33,75556
0.47100000000000003,0.009934949733885276,0.717948717948718,0.01959869342043864,8455,84,8371,33,75577
0.47200000000000003,0.009967960128159488,0.717948717948718,0.019662921348314606,8427,84,8343,33,75605
0.47300000000000003,0.010005955926146516,0.717948717948718,0.019736842105263157,8395,84,8311,33,75637
0.47400000000000003,0.01003224650662845,0.717948717948718,0.019787985865724382,8373,84,8289,33,75659
0.47500000000000003,0.010053859964093357,0.717948717948718,0.019830028328611898,8355,84,8271,33,75677
0.47600000000000003,0.010068320747932399,0.717948717948718,0.019858156028368795,8343,84,8259,33,75689
0.47700000000000004,0.010098581389757152,0.717948717948718,0.01991701244813278,8318,84,8234,33,75714
0.47800000000000004,0.010129024478475824,0.717948717948718,0.019976218787158145,8293,84,8209,33,75739
0.47900000000000004,0.010158423025758858,0.717948717948718,0.02003338898163606,8269,84,8185,33,75763
0.48000000000000004,0.010184287099903006,0.717948717948718,0.0200836820083682,8248,84,8164,33,75784
0.481,0.010209042294603793,0.717948717948718,0.0201318154583583,8228,84,8144,33,75804
0.482,0.010235165102960887,0.717948717948718,0.020182604517059107,8207,84,8123,33,75825
0.483,0.010255158100354047,0.717948717948718,0.020221473278767454,8191,84,8107,33,75841
0.484,0.010292856267614264,0.717948717948718,0.020294757187726505,8161,84,8077,33,75871
0.485,0.010319410319410319,0.717948717948718,0.020346372774615477,8140,84,8056,33,75892
0.486,0.010360138135175136,0.717948717948718,0.020425531914893616,8108,84,8024,33,75924
0.487,0.010396039603960397,0.717948717948718,0.02049530315969257,8080,84,7996,33,75952
0.488,0.010424422933730455,0.717948717948718,0.02055045871559633,8058,84,7974,33,75974
0.489,0.01046077210460772,0.717948717948718,0.020621087516877377,8030,84,7946,33,76002
0.49,0.010482965181579932,0.717948717948718,0.020664206642066422,8013,84,7929,33,76019
0.491,0.010507880910683012,0.717948717948718,0.020712612501541116,7994,84,7910,33,76038
0.492,0.01053159478435306,0.717948717948718,0.020758680341035462,7976,84,7892,33,76056
0.493,0.010554089709762533,0.717948717948718,0.020802377414561663,7959,84,7875,33,76073
0.494,0.01059001512859304,0.717948717948718,0.02087215803205367,7932,84,7848,33,76100
0.495,0.010610079575596816,0.717948717948718,0.020911127707244213,7917,84,7833,33,76115
0.496,0.010504999367168713,0.7094017094017094,0.02070341731105014,7901,83,7818,34,76130
0.497,0.010535668951510535,0.7094017094017094,0.020762976860537838,7878,83,7795,34,76153
0.498,0.01057190166857725,0.7094017094017094,0.020833333333333332,7851,83,7768,34,76180
0.499,0.010588085214950886,0.7094017094017094,0.020864756158873805,7839,83,7756,34,76192
0.5,0.010632846528311556,0.7094017094017094,0.020951659724851697,7806,83,7723,34,76225
0.505,0.010789028987391135,0.7094017094017094,0.021254801536491678,7693,83,7610,34,76338
0.51,0.010796576695194206,0.7008547008547008,0.021265560165975105,7595,82,7513,35,76435
0.515,0.010926049300466355,0.7008547008547008,0.021516662293361324,7505,82,7423,35,76525
0.52,0.011067620461600756,0.7008547008547008,0.02179112410310922,7409,82,7327,35,76621
0.525,0.011211375444353295,0.7008547008547008,0.022069707980083435,7314,82,7232,35,76716
0.53,0.011357340720221607,0.7008547008547008,0.02235246013356958,7220,82,7138,35,76810
0.535,0.011221770234254453,0.6837606837606838,0.022081148219707424,7129,80,7049,37,76899
0.54,0.010953058321479374,0.6581196581196581,0.021547502448579822,7030,77,6953,40,76995
0.545,0.01067975176793188,0.6324786324786325,0.021004825432869714,6929,74,6855,43,77093
0.55,0.010710093896713615,0.6239316239316239,0.021058704745420452,6816,73,6743,44,77205
0.555,0.010880906245342077,0.6239316239316239,0.021388807500732493,6709,73,6636,44,77312
0.56,0.011040532365396248,0.6239316239316239,0.021697131817506318,6612,73,6539,44,77409
0.5650000000000001,0.011082037863629367,0.6153846153846154,0.021771998790444513,6497,72,6425,45,77523
0.5700000000000001,0.011111111111111112,0.6068376068376068,0.02182265252804672,6390,71,6319,46,77629
0.5750000000000001,0.011303932494825664,0.6068376068376068,0.022194435761175368,6281,71,6210,46,77738
0.5800000000000001,0.011479385610347614,0.6068376068376068,0.022532529355760077,6185,71,6114,46,77834
0.5850000000000001,0.011645071346563883,0.6068376068376068,0.022851625362085612,6097,71,6026,46,77922
0.5900000000000001,0.011841227484989994,0.6068376068376068,0.023229183706854246,5996,71,5925,46,78023
0.5950000000000001,0.012007441231185523,0.6068376068376068,0.023548922056384744,5913,71,5842,46,78106
0.6000000000000001,0.011821140997087545,0.5897435897435898,0.023177695666778637,5837,69,5768,48,78180
0.6050000000000001,0.012035583464154892,0.5897435897435898,0.02358974358974359,5733,69,5664,48,78284
0.6100000000000001,0.012035398230088496,0.5811965811965812,0.02358245188139414,5650,68,5582,49,78366
0.6150000000000001,0.012048192771084338,0.5726495726495726,0.023599859105318775,5561,67,5494,50,78454
0.6200000000000001,0.012054794520547946,0.5641025641025641,0.023605150214592276,5475,66,5409,51,78539
0.6250000000000001,0.012320328542094456,0.5641025641025641,0.02411399342345634,5357,66,5291,51,78657
0.6300000000000001,0.01251896813353566,0.5641025641025641,0.02449434032287994,5272,66,5206,51,78742
0.6350000000000001,0.012706969580284944,0.5641025641025641,0.024854076445113914,5194,66,5128,51,78820
0.6400000000000001,0.012541642171271801,0.5470085470085471,0.024521072796934867,5103,64,5039,53,78909
0.6450000000000001,0.012756627466613515,0.5470085470085471,0.024931827035449942,5017,64,4953,53,78995
0.6500000000000001,0.012558233745189386,0.5299145299145299,0.02453502176493866,4937,62,4875,55,79073
0.6550000000000001,0.012757201646090535,0.5299145299145299,0.024914607193088207,4860,62,4798,55,79150
0.6600000000000001,0.012764176605984516,0.5213675213675214,0.024918300653594773,4779,61,4718,56,79230
0.6650000000000001,0.01300639658848614,0.5213675213675214,0.02537965467027252,4690,61,4629,56,79319
0.6700000000000002,0.013229234439384082,0.5213675213675214,0.025803722504230117,4611,61,4550,56,79398
0.6750000000000002,0.013483642793987621,0.5213675213675214,0.026287438052143935,4524,61,4463,56,79485
0.6800000000000002,0.013568521031207599,0.5128205128205128,0.026437541308658295,4422,60,4362,57,79586
0.6850000000000002,0.01381533502187428,0.5128205128205128,0.026905829596412557,4343,60,4283,57,79665
0.6900000000000002,0.01362781954887218,0.49572649572649574,0.026526412074091014,4256,58,4198,59,79750
0.6950000000000002,0.013655965500718735,0.48717948717948717,0.026567233745047776,4174,57,4117,60,79831
0.7000000000000002,0.013933023710584209,0.48717948717948717,0.02709125475285171,4091,57,4034,60,79914
0.7050000000000002,0.014253563390847712,0.48717948717948717,0.027696793002915453,3999,57,3942,60,80006
0.7100000000000002,0.014615384615384615,0.48717948717948717,0.028379387602688575,3900,57,3843,60,80105
0.7150000000000002,0.014293276866066702,0.46153846153846156,0.02772785622593068,3778,54,3724,63,80224
0.7200000000000002,0.01410743353228432,0.4444444444444444,0.027346831448856166,3686,52,3634,65,80314
0.7250000000000002,0.014432417429919511,0.4444444444444444,0.02795698924731183,3603,52,3551,65,80397
0.7300000000000002,0.01478953356086462,0.4444444444444444,0.028626479493531518,3516,52,3464,65,80484
0.7350000000000002,0.015107495642068565,0.4444444444444444,0.029221691486372575,3442,52,3390,65,80558
0.7400000000000002,0.015214797136038186,0.4358974358974359,0.029403286249639667,3352,51,3301,66,80647
0.7450000000000002,0.01562021439509954,0.4358974358974359,0.03015966883500887,3265,51,3214,66,80734
0.7500000000000002,0.015384615384615385,0.4188034188034188,0.029678982434887948,3185,49,3136,68,80812
0.7550000000000002,0.015493867010974823,0.41025641025641024,0.029860031104199068,3098,48,3050,69,80898
0.7600000000000002,0.015957446808510637,0.41025641025641024,0.03072,3008,48,2960,69,80988
0.7650000000000002,0.01643835616438356,0.41025641025641024,0.03161014158709253,2920,48,2872,69,81076
0.7700000000000002,0.01703940362087327,0.41025641025641024,0.032719836400818,2817,48,2769,69,81179
0.7750000000000002,0.01760821716801174,0.41025641025641024,0.03376714737952867,2726,48,2678,69,81270
0.7800000000000002,0.017483846446218167,0.39316239316239315,0.033478893740902474,2631,46,2585,71,81363
0.7850000000000003,0.017850059500198336,0.38461538461538464,0.03411675511751327,2521,45,2476,72,81472
0.7900000000000003,0.018069815195071868,0.37606837606837606,0.034482758620689655,2435,44,2391,73,81557
0.7950000000000003,0.01819720694033009,0.36752136752136755,0.03467741935483871,2363,43,2320,74,81628
0.8000000000000003,0.01814962372731297,0.3504273504273504,0.034511784511784514,2259,41,2218,76,81730
0.8050000000000003,0.01879871618523613,0.3504273504273504,0.03568320278503046,2181,41,2140,76,81808
0.8100000000000003,0.019193857965451054,0.3418803418803419,0.03634711494775102,2084,40,2044,77,81904
0.8150000000000003,0.02,0.3418803418803419,0.03778932451582428,2000,40,1960,77,81988
0.8200000000000003,0.02040816326530612,0.3333333333333333,0.038461538461538464,1911,39,1872,78,82076
0.8250000000000003,0.02142857142857143,0.3333333333333333,0.040268456375838924,1820,39,1781,78,82167
0.8300000000000003,0.02192729371032891,0.3247863247863248,0.04108108108108108,1733,38,1695,79,82253
0.8350000000000003,0.021328458257160267,0.29914529914529914,0.03981797497155859,1641,35,1606,82,82342
0.8400000000000003,0.021442495126705652,0.28205128205128205,0.03985507246376811,1539,33,1506,84,82442
0.8450000000000003,0.0223463687150838,0.27350427350427353,0.04131697869593286,1432,32,1400,85,82548
0.8500000000000003,0.023564064801178203,0.27350427350427353,0.04338983050847458,1358,32,1326,85,82622
0.8550000000000003,0.02491961414790997,0.26495726495726496,0.045554739162380606,1244,31,1213,86,82735
0.8600000000000003,0.025283347863993024,0.24786324786324787,0.04588607594936709,1147,29,1118,88,82830
0.8650000000000003,0.025689819219790674,0.23076923076923078,0.046232876712328765,1051,27,1024,90,82924
0.8700000000000003,0.028601694915254237,0.23076923076923078,0.05089538171536286,944,27,917,90,83031
0.8750000000000003,0.027744270205066344,0.19658119658119658,0.048625792811839326,829,23,806,94,83142
0.8800000000000003,0.027739251040221916,0.17094017094017094,0.0477326968973747,721,20,701,97,83247
0.8850000000000003,0.02975206611570248,0.15384615384615385,0.04986149584487535,605,18,587,99,83361
0.8900000000000003,0.03522504892367906,0.15384615384615385,0.05732484076433121,511,18,493,99,83455
0.8950000000000004,0.04116222760290557,0.1452991452991453,0.06415094339622641,413,17,396,100,83552
0.9000000000000004,0.04220779220779221,0.1111111111111111,0.0611764705882353,308,13,295,104,83653
0.9050000000000004,0.05150214592274678,0.10256410256410256,0.06857142857142857,233,12,221,105,83727
0.9100000000000004,0.05154639175257732,0.08547008547008547,0.06430868167202572,194,10,184,107,83764
0.9150000000000004,0.05128205128205128,0.06837606837606838,0.05860805860805861,156,8,148,109,83800
0.9200000000000004,0.05426356589147287,0.05982905982905983,0.056910569105691054,129,7,122,110,83826
0.9250000000000004,0.06666666666666667,0.05982905982905983,0.06306306306306306,105,7,98,110,83850
0.9300000000000004,0.06666666666666667,0.05128205128205128,0.057971014492753624,90,6,84,111,83864
0.9350000000000004,0.05172413793103448,0.02564102564102564,0.03428571428571429,58,3,55,114,83893
0.9400000000000004,0.0,0.0,0.0,39,0,39,117,83909
0.9450000000000004,0.0,0.0,0.0,15,0,15,117,83933
0.9500000000000004,0.0,0.0,0.0,3,0,3,117,83945
0.9550000000000004,0.0,0.0,0.0,0,0,0,117,83948
0.9600000000000004,0.0,0.0,0.0,0,0,0,117,83948
0.9650000000000004,0.0,0.0,0.0,0,0,0,117,83948
0.9700000000000004,0.0,0.0,0.0,0,0,0,117,83948
0.9750000000000004,0.0,0.0,0.0,0,0,0,117,83948
0.9800000000000004,0.0,0.0,0.0,0,0,0,117,83948
0.9850000000000004,0.0,0.0,0.0,0,0,0,117,83948
0.9900000000000004,0.0,0.0,0.0,0,0,0,117,83948
0.9950000000000004,0.0,0.0,0.0,0,0,0,117,83948
1.0000000000000004,0.0,0.0,0.0,0,0,0,117,83948
