threshold,precision,recall,f1,predicted_alerts
0.001,0.0027900302917574535,0.8974358974358975,0.005562766549230484,37634
0.002,0.003398554789322599,0.8803418803418803,0.0067709702866158294,30307
0.005,0.004539498315237739,0.8290598290598291,0.009029555503839888,21368
0.01,0.00543646135787978,0.7521367521367521,0.010794896957801767,16187
0.02,0.007003159962422068,0.7008547008547008,0.013867749027566378,11709
0.03,0.008047658862876254,0.6581196581196581,0.015900877645844087,9568
0.05,0.009409866917596451,0.5982905982905983,0.018528321863419798,7439
0.075,0.009998305371970852,0.5042735042735043,0.0196078431372549,5901
0.1,0.011260808365171928,0.47863247863247865,0.02200392927308448,4973
0.15,0.012103281334050565,0.38461538461538464,0.02346805736636245,3718
0.2,0.014165261382799325,0.358974358974359,0.027255029201817,2965
0.3,0.015067805123053743,0.2564102564102564,0.028462998102466792,1991
0.4,0.0164756446991404,0.19658119658119658,0.03040317250495704,1396
0.5,0.02054054054054054,0.1623931623931624,0.036468330134357005,925
